{"loss": [0.7993398164190463], "f1": [0.7621777777777777], "valid_loss": [0.2643876075744629], "valid_f1": [0.9193]}