{"loss": [0.806309505725212], "f1": [0.7703388888888888], "valid_loss": [0.26477521657943726], "valid_f1": [0.9197]}